{
  "dataset_bytes": 52804882845,
  "dataset_files": 367337,
  "records": [
    {
      "op": "vykar_backup",
      "tool": "vykar",
      "phase": "backup",
      "duration_s": 60.79,
      "duration_s_std": 0.09082951062292428,
      "throughput_mib_s": 828.4051721556027,
      "throughput_mib_s_std": 1.2367302737356678,
      "cpu_pct_raw": "398.2%",
      "cpu_pct_value": 398.2,
      "cpu_pct_std": 1.0954451150103321,
      "user_s": 205.77399999999997,
      "user_s_std": 0.36787226043831694,
      "sys_s": 36.588,
      "sys_s_std": 0.22829805080201596,
      "cpu_s": 242.362,
      "cpu_s_std": 0.5450412828401172,
      "maxrss_kb": 567120.8,
      "maxrss_kb_std": 7233.5172081083765,
      "voluntary_ctx_switches": 741599.0,
      "voluntary_ctx_switches_std": 1665.6177532675376,
      "involuntary_ctx_switches": 94170.8,
      "involuntary_ctx_switches_std": 724.3532977767134,
      "fs_in": 76834116.4,
      "fs_in_std": 97.4207370121988,
      "fs_out": 29255736.0,
      "fs_out_std": 96.16652224137046,
      "repo_size_bytes": 19697394313.4,
      "repo_size_bytes_std": 50835.27097695064,
      "repo_size": "NA",
      "run_count": 5,
      "failed_runs": 0,
      "exit_status": 0
    },
    {
      "op": "vykar_restore",
      "tool": "vykar",
      "phase": "restore",
      "duration_s": 62.727999999999994,
      "duration_s_std": 5.648271416991217,
      "throughput_mib_s": 807.486426493922,
      "throughput_mib_s_std": 64.92334621909589,
      "cpu_pct_raw": "185.6%",
      "cpu_pct_value": 185.6,
      "cpu_pct_std": 13.722244714331545,
      "user_s": 60.614,
      "user_s_std": 1.1550670976181419,
      "sys_s": 55.5,
      "sys_s_std": 1.3033994015650003,
      "cpu_s": 116.11399999999999,
      "cpu_s_std": 2.4290697808008717,
      "maxrss_kb": 518316.8,
      "maxrss_kb_std": 15595.285800523183,
      "voluntary_ctx_switches": 106476.8,
      "voluntary_ctx_switches_std": 4473.346867838442,
      "involuntary_ctx_switches": 669.2,
      "involuntary_ctx_switches_std": 65.09761900407726,
      "fs_in": 38496745.6,
      "fs_in_std": 13418.385476651056,
      "fs_out": 104799928.0,
      "fs_out_std": 128.12493902437572,
      "repo_size_bytes": 19697331621.0,
      "repo_size_bytes_std": 0.0,
      "repo_size": "NA",
      "run_count": 5,
      "failed_runs": 0,
      "exit_status": 0
    },
    {
      "op": "restic_backup",
      "tool": "restic",
      "phase": "backup",
      "duration_s": 139.68200000000002,
      "duration_s_std": 0.5777283098481489,
      "throughput_mib_s": 360.5285751763601,
      "throughput_mib_s_std": 1.497007466991333,
      "cpu_pct_raw": "495.4%",
      "cpu_pct_value": 495.4,
      "cpu_pct_std": 4.277849927241488,
      "user_s": 648.058,
      "user_s_std": 2.944939727736362,
      "sys_s": 44.694,
      "sys_s_std": 0.5785585536486354,
      "cpu_s": 692.7520000000001,
      "cpu_s_std": 3.186545151100132,
      "maxrss_kb": 327352.0,
      "maxrss_kb_std": 3355.3098217601305,
      "voluntary_ctx_switches": 1432137.6,
      "voluntary_ctx_switches_std": 5348.152980235326,
      "involuntary_ctx_switches": 53397.2,
      "involuntary_ctx_switches_std": 1331.0562347248895,
      "fs_in": 105230699.6,
      "fs_in_std": 847.2560415836525,
      "fs_out": 14894627.2,
      "fs_out_std": 10912.659217624272,
      "repo_size_bytes": 19894029591.0,
      "repo_size_bytes_std": 21822116.922260646,
      "repo_size": "NA",
      "run_count": 5,
      "failed_runs": 0,
      "exit_status": 0
    },
    {
      "op": "restic_restore",
      "tool": "restic",
      "phase": "restore",
      "duration_s": 129.43,
      "duration_s_std": 1.3568161260834066,
      "throughput_mib_s": 389.11483706132395,
      "throughput_mib_s_std": 4.120791369591593,
      "cpu_pct_raw": "200.0%",
      "cpu_pct_value": 200.0,
      "cpu_pct_std": 1.4142135623730951,
      "user_s": 215.38400000000001,
      "user_s_std": 0.976155725281577,
      "sys_s": 44.106,
      "sys_s_std": 0.2926260412198486,
      "cpu_s": 259.49,
      "cpu_s_std": 1.1122724486383708,
      "maxrss_kb": 408212.8,
      "maxrss_kb_std": 12188.987948144013,
      "voluntary_ctx_switches": 437897.4,
      "voluntary_ctx_switches_std": 3874.120067834759,
      "involuntary_ctx_switches": 6406.4,
      "involuntary_ctx_switches_std": 780.0819187752014,
      "fs_in": 38938628.6,
      "fs_in_std": 1523.7784615881667,
      "fs_out": 104797094.4,
      "fs_out_std": 32.19937887599697,
      "repo_size_bytes": 19859694466.0,
      "repo_size_bytes_std": 0.0,
      "repo_size": "NA",
      "run_count": 5,
      "failed_runs": 0,
      "exit_status": 0
    },
    {
      "op": "rustic_backup",
      "tool": "rustic",
      "phase": "backup",
      "duration_s": 310.582,
      "duration_s_std": 1.6976954968426987,
      "throughput_mib_s": 162.1467592393828,
      "throughput_mib_s_std": 0.8866707156068344,
      "cpu_pct_raw": "233.4%",
      "cpu_pct_value": 233.4,
      "cpu_pct_std": 0.8944271909999159,
      "user_s": 665.92,
      "user_s_std": 1.642315438641448,
      "sys_s": 60.876,
      "sys_s_std": 0.37633761438368213,
      "cpu_s": 726.796,
      "cpu_s_std": 1.9716820230453107,
      "maxrss_kb": 519368.0,
      "maxrss_kb_std": 29011.44808519561,
      "voluntary_ctx_switches": 3748718.8,
      "voluntary_ctx_switches_std": 5814.869921159028,
      "involuntary_ctx_switches": 843632.2,
      "involuntary_ctx_switches_std": 8995.38329922633,
      "fs_in": 105206521.2,
      "fs_in_std": 282.76350542458624,
      "fs_out": 14677835.2,
      "fs_out_std": 14621.14042063751,
      "repo_size_bytes": 19712455289.0,
      "repo_size_bytes_std": 22415602.245261166,
      "repo_size": "NA",
      "run_count": 5,
      "failed_runs": 0,
      "exit_status": 0
    },
    {
      "op": "rustic_restore",
      "tool": "rustic",
      "phase": "restore",
      "duration_s": 84.904,
      "duration_s_std": 0.7194998262682208,
      "throughput_mib_s": 593.1587149235039,
      "throughput_mib_s_std": 5.015676181821672,
      "cpu_pct_raw": "258.4%",
      "cpu_pct_value": 258.4,
      "cpu_pct_std": 3.361547262794322,
      "user_s": 104.5,
      "user_s_std": 1.0313340874808685,
      "sys_s": 115.398,
      "sys_s_std": 1.7128251516135575,
      "cpu_s": 219.898,
      "cpu_s_std": 2.363148323741022,
      "maxrss_kb": 6196484.8,
      "maxrss_kb_std": 329356.66629840666,
      "voluntary_ctx_switches": 360490.4,
      "voluntary_ctx_switches_std": 11487.40256977181,
      "involuntary_ctx_switches": 28258.6,
      "involuntary_ctx_switches_std": 1149.1413316037326,
      "fs_in": 38523412.8,
      "fs_in_std": 528.3816802274658,
      "fs_out": 104803568.0,
      "fs_out_std": 511.3746180639004,
      "repo_size_bytes": 19700573390.0,
      "repo_size_bytes_std": 0.0,
      "repo_size": "NA",
      "run_count": 5,
      "failed_runs": 0,
      "exit_status": 0
    },
    {
      "op": "borg_backup",
      "tool": "borg",
      "phase": "backup",
      "duration_s": 268.662,
      "duration_s_std": 1.7144590983747705,
      "throughput_mib_s": 187.44849473504883,
      "throughput_mib_s_std": 1.1861929121719086,
      "cpu_pct_raw": "92.8%",
      "cpu_pct_value": 92.8,
      "cpu_pct_std": 0.4472135954999579,
      "user_s": 220.84,
      "user_s_std": 0.40180841205729334,
      "sys_s": 29.936,
      "sys_s_std": 0.315879723945682,
      "cpu_s": 250.776,
      "cpu_s_std": 0.4897244122973673,
      "maxrss_kb": 232715.2,
      "maxrss_kb_std": 5816.1708365556115,
      "voluntary_ctx_switches": 380905.0,
      "voluntary_ctx_switches_std": 719.5425630218132,
      "involuntary_ctx_switches": 2217.2,
      "involuntary_ctx_switches_std": 37.07020366817533,
      "fs_in": 87964173.4,
      "fs_in_std": 1537.909230091295,
      "fs_out": 14797100.8,
      "fs_out_std": 6883.837534398964,
      "repo_size_bytes": 19782010749.4,
      "repo_size_bytes_std": 40396043.934954554,
      "repo_size": "0",
      "run_count": 5,
      "failed_runs": 0,